<?xml version="1.0" encoding="UTF-8"?>
<project-private xmlns="http://www.netbeans.org/ns/project-private/1">
    <editor-bookmarks xmlns="http://www.netbeans.org/ns/editor-bookmarks/2" lastBookmarkId="0"/>
    <open-files xmlns="http://www.netbeans.org/ns/projectui-open-files/2">
        <group>
            <file>file:/C:/Users/quent/OneDrive/Documents/PROGRAMMATION/Java/TP3Ventes/src/tp3ventes/Commande.java</file>
            <file>file:/C:/Users/quent/OneDrive/Documents/PROGRAMMATION/Java/TP3Ventes/src/tp3ventes/ProtectionJoueurs.java</file>
            <file>file:/C:/Users/quent/OneDrive/Documents/PROGRAMMATION/Java/TP3Ventes/src/tp3ventes/Joueurs.java</file>
            <file>file:/C:/Users/quent/OneDrive/Documents/PROGRAMMATION/Java/TP3Ventes/src/tp3ventes/Equipement.java</file>
            <file>file:/C:/Users/quent/OneDrive/Documents/PROGRAMMATION/Java/TP3Ventes/src/tp3ventes/Magasin.java</file>
            <file>file:/C:/Users/quent/OneDrive/Documents/PROGRAMMATION/Java/TP3Ventes/src/tp3ventes/LigneCommande.java</file>
            <file>file:/C:/Users/quent/OneDrive/Documents/PROGRAMMATION/Java/TP3Ventes/src/tp3ventes/TP3Ventes.java</file>
            <file>file:/C:/Users/quent/OneDrive/Documents/PROGRAMMATION/Java/TP3Ventes/src/tp3ventes/Terrain.java</file>
        </group>
    </open-files>
</project-private>
